Record Number, Level Count, Movement Speed, Score, Finish Time(s), StraightTiles Number, CurvedTiles Number,Total Distance Traveled, Total Obstacles Passed, Obstacles Hit, Obstacle Mistake Percent(%), Number of Turning Keys Pressed,Total Random Headings, Chance for Random Headings(%), Real Random Headings Percent(%), Time Off-track(s)
#1,3,25,114,17.70,13,3,260.69,35,0,0.00,18,1,4.33,5.56,1.88
#1,4,12,114,17.57,13,3,258.72,40,0,0.00,15,1,4.33,6.67,2.52
#1,3,15,95,10.71,9,1,155.97,24,0,0.00,8,0,4.33,0.00,1.08
#1,4,12,88,11.86,9,1,159.42,27,1,3.70,12,1,4.33,8.33,2.94
#1,5,19,43,16.27,9,1,167.44,37,4,10.81,15,1,4.33,6.67,8.52
